"LOCATION","INDICATOR","SUBJECT","MEASURE","FREQUENCY","TIME","Value","Flag Codes"
"AUS","CPI","ENRG","IDX2015","A","2018",118.4041,
"AUS","CPI","ENRG","IDX2015","A","2019",127.4843,
"AUS","CPI","ENRG","IDX2015","A","2020",124.801,
"AUS","CPI","ENRG","IDX2015","A","2021",138.4442,
"AUS","CPI","ENRG","IDX2015","A","2022",159.6264,
"AUS","CPI","FOOD","IDX2015","A","2018",100.9845,
"AUS","CPI","FOOD","IDX2015","A","2019",105.5115,
"AUS","CPI","FOOD","IDX2015","A","2020",115.3453,
"AUS","CPI","FOOD","IDX2015","A","2021",124.4688,
"AUS","CPI","FOOD","IDX2015","A","2022",134.6338,
"AUS","CPI","TOT","IDX2015","A","2018",105.2241,
"AUS","CPI","TOT","IDX2015","A","2019",106.919,
"AUS","CPI","TOT","IDX2015","A","2020",107.8245,
"AUS","CPI","TOT","IDX2015","A","2021",110.9125,
"AUS","CPI","TOT","IDX2015","A","2022",118.2261,
"AUS","CPI","TOT_FOODENRG","IDX2015","A","2018",104.7588,
"AUS","CPI","TOT_FOODENRG","IDX2015","A","2019",105.471,
"AUS","CPI","TOT_FOODENRG","IDX2015","A","2020",105.4667,
"AUS","CPI","TOT_FOODENRG","IDX2015","A","2021",106.9496,
"AUS","CPI","TOT_FOODENRG","IDX2015","A","2022",112.8806,
"AUT","CPI","ENRG","IDX2015","A","2018",103.1417,
"AUT","CPI","ENRG","IDX2015","A","2019",104.0667,
"AUT","CPI","ENRG","IDX2015","A","2020",98.32714,
"AUT","CPI","ENRG","IDX2015","A","2021",110.3722,
"AUT","CPI","ENRG","IDX2015","A","2022",153.6853,
"AUT","CPI","FOOD","IDX2015","A","2018",104.6833,
"AUT","CPI","FOOD","IDX2015","A","2019",105.75,
"AUT","CPI","FOOD","IDX2015","A","2020",108.2157,
"AUT","CPI","FOOD","IDX2015","A","2021",109.0633,
"AUT","CPI","FOOD","IDX2015","A","2022",120.7857,
"AUT","CPI","TOT","IDX2015","A","2018",105.0496,
"AUT","CPI","TOT","IDX2015","A","2019",106.6578,
"AUT","CPI","TOT","IDX2015","A","2020",108.1317,
"AUT","CPI","TOT","IDX2015","A","2021",111.1233,
"AUT","CPI","TOT","IDX2015","A","2022",120.6209,
"AUT","CPI","TOT_FOODENRG","IDX2015","A","2018",105.3421,
"AUT","CPI","TOT_FOODENRG","IDX2015","A","2019",107.0839,
"AUT","CPI","TOT_FOODENRG","IDX2015","A","2020",109.1183,
"AUT","CPI","TOT_FOODENRG","IDX2015","A","2021",111.4641,
"AUT","CPI","TOT_FOODENRG","IDX2015","A","2022",117.5833,
"BEL","CPI","ENRG","IDX2015","A","2018",116.7129,
"BEL","CPI","ENRG","IDX2015","A","2019",117.7252,
"BEL","CPI","ENRG","IDX2015","A","2020",110.2787,
"BEL","CPI","ENRG","IDX2015","A","2021",123.8773,
"BEL","CPI","ENRG","IDX2015","A","2022",188.6401,
"BEL","CPI","FOOD","IDX2015","A","2018",105.7651,
"BEL","CPI","FOOD","IDX2015","A","2019",106.5834,
"BEL","CPI","FOOD","IDX2015","A","2020",109.6548,
"BEL","CPI","FOOD","IDX2015","A","2021",109.2226,
"BEL","CPI","FOOD","IDX2015","A","2022",118.8286,
"BEL","CPI","TOT","IDX2015","A","2018",106.28,
"BEL","CPI","TOT","IDX2015","A","2019",107.807,
"BEL","CPI","TOT","IDX2015","A","2020",108.6057,
"BEL","CPI","TOT","IDX2015","A","2021",111.2559,
"BEL","CPI","TOT","IDX2015","A","2022",121.9337,
"BEL","CPI","TOT_FOODENRG","IDX2015","A","2018",104.8634,
"BEL","CPI","TOT_FOODENRG","IDX2015","A","2019",106.6318,
"BEL","CPI","TOT_FOODENRG","IDX2015","A","2020",108.2092,
"BEL","CPI","TOT_FOODENRG","IDX2015","A","2021",109.9542,
"BEL","CPI","TOT_FOODENRG","IDX2015","A","2022",114.9786,
"CAN","CPI","ENRG","IDX2015","A","2018",109.0159,
"CAN","CPI","ENRG","IDX2015","A","2019",106.6128,
"CAN","CPI","ENRG","IDX2015","A","2020",98.50014,
"CAN","CPI","ENRG","IDX2015","A","2021",117.0672,
"CAN","CPI","ENRG","IDX2015","A","2022",143.4681,
"CAN","CPI","FOOD","IDX2015","A","2018",100.8027,
"CAN","CPI","FOOD","IDX2015","A","2019",104.5092,
"CAN","CPI","FOOD","IDX2015","A","2020",107.0176,
"CAN","CPI","FOOD","IDX2015","A","2021",109.3667,
"CAN","CPI","FOOD","IDX2015","A","2022",120.0437,
"CAN","CPI","TOT","IDX2015","A","2018",105.3858,
"CAN","CPI","TOT","IDX2015","A","2019",107.4401,
"CAN","CPI","TOT","IDX2015","A","2020",108.2104,
"CAN","CPI","TOT","IDX2015","A","2021",111.8844,
"CAN","CPI","TOT","IDX2015","A","2022",119.4957,
"CAN","CPI","TOT_FOODENRG","IDX2015","A","2018",105.7295,
"CAN","CPI","TOT_FOODENRG","IDX2015","A","2019",107.9387,
"CAN","CPI","TOT_FOODENRG","IDX2015","A","2020",109.2199,
"CAN","CPI","TOT_FOODENRG","IDX2015","A","2021",111.8382,
"CAN","CPI","TOT_FOODENRG","IDX2015","A","2022",117.5195,
"CZE","CPI","ENRG","IDX2015","A","2018",101.525,
"CZE","CPI","ENRG","IDX2015","A","2019",106.6583,
"CZE","CPI","ENRG","IDX2015","A","2020",105.2083,
"CZE","CPI","ENRG","IDX2015","A","2021",106.675,
"CZE","CPI","ENRG","IDX2015","A","2022",139.6667,
"CZE","CPI","FOOD","IDX2015","A","2018",105.55,
"CZE","CPI","FOOD","IDX2015","A","2019",108.525,
"CZE","CPI","FOOD","IDX2015","A","2020",113.45,
"CZE","CPI","FOOD","IDX2015","A","2021",114.3583,
"CZE","CPI","FOOD","IDX2015","A","2022",133.45,
"CZE","CPI","TOT","IDX2015","A","2018",105.3417,
"CZE","CPI","TOT","IDX2015","A","2019",108.3417,
"CZE","CPI","TOT","IDX2015","A","2020",111.7667,
"CZE","CPI","TOT","IDX2015","A","2021",116.0583,
"CZE","CPI","TOT","IDX2015","A","2022",133.5833,
"CZE","CPI","TOT_FOODENRG","IDX2015","A","2018",106.0917,
"CZE","CPI","TOT_FOODENRG","IDX2015","A","2019",108.7667,
"CZE","CPI","TOT_FOODENRG","IDX2015","A","2020",112.7167,
"CZE","CPI","TOT_FOODENRG","IDX2015","A","2021",118.3417,
"CZE","CPI","TOT_FOODENRG","IDX2015","A","2022",132.775,
"DNK","CPI","ENRG","IDX2015","A","2018",101.0116,
"DNK","CPI","ENRG","IDX2015","A","2019",100.7439,
"DNK","CPI","ENRG","IDX2015","A","2020",95.24953,
"DNK","CPI","ENRG","IDX2015","A","2021",106.2405,
"DNK","CPI","ENRG","IDX2015","A","2022",150.4637,
"DNK","CPI","FOOD","IDX2015","A","2018",102.9583,
"DNK","CPI","FOOD","IDX2015","A","2019",104.3917,
"DNK","CPI","FOOD","IDX2015","A","2020",105.0583,
"DNK","CPI","FOOD","IDX2015","A","2021",105.6667,
"DNK","CPI","FOOD","IDX2015","A","2022",117.8333,
"DNK","CPI","TOT","IDX2015","A","2018",102.225,
"DNK","CPI","TOT","IDX2015","A","2019",103,
"DNK","CPI","TOT","IDX2015","A","2020",103.4333,
"DNK","CPI","TOT","IDX2015","A","2021",105.35,
"DNK","CPI","TOT","IDX2015","A","2022",113.4583,
"DNK","CPI","TOT_FOODENRG","IDX2015","A","2018",102.3038,
"DNK","CPI","TOT_FOODENRG","IDX2015","A","2019",103.0899,
"DNK","CPI","TOT_FOODENRG","IDX2015","A","2020",104.0754,
"DNK","CPI","TOT_FOODENRG","IDX2015","A","2021",105.324,
"DNK","CPI","TOT_FOODENRG","IDX2015","A","2022",109.5642,
"FIN","CPI","ENRG","IDX2015","A","2018",106.355,
"FIN","CPI","ENRG","IDX2015","A","2019",109.5333,
"FIN","CPI","ENRG","IDX2015","A","2020",104.1717,
"FIN","CPI","ENRG","IDX2015","A","2021",114.1933,
"FIN","CPI","ENRG","IDX2015","A","2022",149.2533,
"FIN","CPI","FOOD","IDX2015","A","2018",99.8375,
"FIN","CPI","FOOD","IDX2015","A","2019",101.0475,
"FIN","CPI","FOOD","IDX2015","A","2020",102.725,
"FIN","CPI","FOOD","IDX2015","A","2021",103.31,
"FIN","CPI","FOOD","IDX2015","A","2022",114.165,
"FIN","CPI","TOT","IDX2015","A","2018",102.2042,
"FIN","CPI","TOT","IDX2015","A","2019",103.2508,
"FIN","CPI","TOT","IDX2015","A","2020",103.5508,
"FIN","CPI","TOT","IDX2015","A","2021",105.8233,
"FIN","CPI","TOT","IDX2015","A","2022",113.3617,
"FIN","CPI","TOT_FOODENRG","IDX2015","A","2018",102.3158,
"FIN","CPI","TOT_FOODENRG","IDX2015","A","2019",103.1642,
"FIN","CPI","TOT_FOODENRG","IDX2015","A","2020",103.6842,
"FIN","CPI","TOT_FOODENRG","IDX2015","A","2021",105.4733,
"FIN","CPI","TOT_FOODENRG","IDX2015","A","2022",109.8467,
"FRA","CPI","ENRG","IDX2015","A","2018",112.9957,
"FRA","CPI","ENRG","IDX2015","A","2019",115.0265,
"FRA","CPI","ENRG","IDX2015","A","2020",108.1737,
"FRA","CPI","ENRG","IDX2015","A","2021",119.4835,
"FRA","CPI","ENRG","IDX2015","A","2022",147.6483,
"FRA","CPI","FOOD","IDX2015","A","2018",103.6475,
"FRA","CPI","FOOD","IDX2015","A","2019",106.1858,
"FRA","CPI","FOOD","IDX2015","A","2020",108.3325,
"FRA","CPI","FOOD","IDX2015","A","2021",108.9983,
"FRA","CPI","FOOD","IDX2015","A","2022",116.9308,
"FRA","CPI","TOT","IDX2015","A","2018",103.09,
"FRA","CPI","TOT","IDX2015","A","2019",104.2325,
"FRA","CPI","TOT","IDX2015","A","2020",104.7292,
"FRA","CPI","TOT","IDX2015","A","2021",106.4492,
"FRA","CPI","TOT","IDX2015","A","2022",112.0083,
"FRA","CPI","TOT_FOODENRG","IDX2015","A","2018",102.0045,
"FRA","CPI","TOT_FOODENRG","IDX2015","A","2019",102.805,
"FRA","CPI","TOT_FOODENRG","IDX2015","A","2020",103.7149,
"FRA","CPI","TOT_FOODENRG","IDX2015","A","2021",104.7067,
"FRA","CPI","TOT_FOODENRG","IDX2015","A","2022",107.6168,
"DEU","CPI","ENRG","IDX2015","A","2018",101.648,
"DEU","CPI","ENRG","IDX2015","A","2019",103.0667,
"DEU","CPI","ENRG","IDX2015","A","2020",98.68953,
"DEU","CPI","ENRG","IDX2015","A","2021",109.3249,
"DEU","CPI","ENRG","IDX2015","A","2022",142.3082,
"DEU","CPI","FOOD","IDX2015","A","2018",105.9583,
"DEU","CPI","FOOD","IDX2015","A","2019",107.2333,
"DEU","CPI","FOOD","IDX2015","A","2020",109.5286,
"DEU","CPI","FOOD","IDX2015","A","2021",112.9148,
"DEU","CPI","FOOD","IDX2015","A","2022",127.0988,
"DEU","CPI","TOT","IDX2015","A","2018",103.7756,
"DEU","CPI","TOT","IDX2015","A","2019",105.2759,
"DEU","CPI","TOT","IDX2015","A","2020",105.4284,
"DEU","CPI","TOT","IDX2015","A","2021",108.6615,
"DEU","CPI","TOT","IDX2015","A","2022",116.1294,
"DEU","CPI","TOT_FOODENRG","IDX2015","A","2018",103.758,
"DEU","CPI","TOT_FOODENRG","IDX2015","A","2019",105.291,
"DEU","CPI","TOT_FOODENRG","IDX2015","A","2020",105.5935,
"DEU","CPI","TOT_FOODENRG","IDX2015","A","2021",108.0588,
"DEU","CPI","TOT_FOODENRG","IDX2015","A","2022",112.3031,
"GRC","CPI","ENRG","IDX2015","A","2018",105.0247,
"GRC","CPI","ENRG","IDX2015","A","2019",104.5201,
"GRC","CPI","ENRG","IDX2015","A","2020",95.89635,
"GRC","CPI","ENRG","IDX2015","A","2021",107.6996,
"GRC","CPI","ENRG","IDX2015","A","2022",149.0349,
"GRC","CPI","FOOD","IDX2015","A","2018",100.4953,
"GRC","CPI","FOOD","IDX2015","A","2019",100.3864,
"GRC","CPI","FOOD","IDX2015","A","2020",101.7431,
"GRC","CPI","FOOD","IDX2015","A","2021",103.1279,
"GRC","CPI","FOOD","IDX2015","A","2022",115.2826,
"GRC","CPI","TOT","IDX2015","A","2018",100.9138,
"GRC","CPI","TOT","IDX2015","A","2019",101.1691,
"GRC","CPI","TOT","IDX2015","A","2020",99.9065,
"GRC","CPI","TOT","IDX2015","A","2021",101.1292,
"GRC","CPI","TOT","IDX2015","A","2022",110.8834,
"GRC","CPI","TOT_FOODENRG","IDX2015","A","2018",100.2619,
"GRC","CPI","TOT_FOODENRG","IDX2015","A","2019",100.7967,
"GRC","CPI","TOT_FOODENRG","IDX2015","A","2020",100.1169,
"GRC","CPI","TOT_FOODENRG","IDX2015","A","2021",99.49173,
"GRC","CPI","TOT_FOODENRG","IDX2015","A","2022",102.8132,
"HUN","CPI","ENRG","IDX2015","A","2018",104.7856,
"HUN","CPI","ENRG","IDX2015","A","2019",105.4195,
"HUN","CPI","ENRG","IDX2015","A","2020",102.4549,
"HUN","CPI","ENRG","IDX2015","A","2021",113.9714,
"HUN","CPI","ENRG","IDX2015","A","2022",131.5289,
"HUN","CPI","FOOD","IDX2015","A","2018",107.0751,
"HUN","CPI","FOOD","IDX2015","A","2019",112.5457,
"HUN","CPI","FOOD","IDX2015","A","2020",120.7058,
"HUN","CPI","FOOD","IDX2015","A","2021",124.8687,
"HUN","CPI","FOOD","IDX2015","A","2022",159.5306,
"HUN","CPI","TOT","IDX2015","A","2018",105.681,
"HUN","CPI","TOT","IDX2015","A","2019",109.2092,
"HUN","CPI","TOT","IDX2015","A","2020",112.8423,
"HUN","CPI","TOT","IDX2015","A","2021",118.6097,
"HUN","CPI","TOT","IDX2015","A","2022",135.9363,
"HUN","CPI","TOT_FOODENRG","IDX2015","A","2018",105.4095,
"HUN","CPI","TOT_FOODENRG","IDX2015","A","2019",109.0095,
"HUN","CPI","TOT_FOODENRG","IDX2015","A","2020",112.6158,
"HUN","CPI","TOT_FOODENRG","IDX2015","A","2021",117.7373,
"HUN","CPI","TOT_FOODENRG","IDX2015","A","2022",129.7896,
"ISL","CPI","ENRG","IDX2015","A","2018",104.7167,
"ISL","CPI","ENRG","IDX2015","A","2019",107.602,
"ISL","CPI","ENRG","IDX2015","A","2020",105.4587,
"ISL","CPI","ENRG","IDX2015","A","2021",113.24,
"ISL","CPI","ENRG","IDX2015","A","2022",132.9727,
"ISL","CPI","FOOD","IDX2015","A","2018",101.3288,
"ISL","CPI","FOOD","IDX2015","A","2019",105.1786,
"ISL","CPI","FOOD","IDX2015","A","2020",110.3434,
"ISL","CPI","FOOD","IDX2015","A","2021",114.2191,
"ISL","CPI","FOOD","IDX2015","A","2022",122.4805,
"ISL","CPI","TOT","IDX2015","A","2018",106.2637,
"ISL","CPI","TOT","IDX2015","A","2019",109.4665,
"ISL","CPI","TOT","IDX2015","A","2020",112.584,
"ISL","CPI","TOT","IDX2015","A","2021",117.5875,
"ISL","CPI","TOT","IDX2015","A","2022",127.3575,
"ISL","CPI","TOT_FOODENRG","IDX2015","A","2018",107.285,
"ISL","CPI","TOT_FOODENRG","IDX2015","A","2019",110.4312,
"ISL","CPI","TOT_FOODENRG","IDX2015","A","2020",113.6195,
"ISL","CPI","TOT_FOODENRG","IDX2015","A","2021",118.5929,
"ISL","CPI","TOT_FOODENRG","IDX2015","A","2022",127.8364,
"IRL","CPI","ENRG","IDX2015","A","2018",104.4366,
"IRL","CPI","ENRG","IDX2015","A","2019",105.5698,
"IRL","CPI","ENRG","IDX2015","A","2020",100.2813,
"IRL","CPI","ENRG","IDX2015","A","2021",112.6025,
"IRL","CPI","ENRG","IDX2015","A","2022",159.0178,
"IRL","CPI","FOOD","IDX2015","A","2018",94.66149,
"IRL","CPI","FOOD","IDX2015","A","2019",94.03058,
"IRL","CPI","FOOD","IDX2015","A","2020",92.70403,
"IRL","CPI","FOOD","IDX2015","A","2021",92.46947,
"IRL","CPI","FOOD","IDX2015","A","2022",98.85141,
"IRL","CPI","TOT","IDX2015","A","2018",100.8389,
"IRL","CPI","TOT","IDX2015","A","2019",101.7859,
"IRL","CPI","TOT","IDX2015","A","2020",101.4453,
"IRL","CPI","TOT","IDX2015","A","2021",103.8375,
"IRL","CPI","TOT","IDX2015","A","2022",111.9445,
"IRL","CPI","TOT_FOODENRG","IDX2015","A","2018",101.4034,
"IRL","CPI","TOT_FOODENRG","IDX2015","A","2019",102.5543,
"IRL","CPI","TOT_FOODENRG","IDX2015","A","2020",102.7904,
"IRL","CPI","TOT_FOODENRG","IDX2015","A","2021",104.6443,
"IRL","CPI","TOT_FOODENRG","IDX2015","A","2022",109.5608,
"ITA","CPI","ENRG","IDX2015","A","2018",104.3319,
"ITA","CPI","ENRG","IDX2015","A","2019",104.8703,
"ITA","CPI","ENRG","IDX2015","A","2020",96.08986,
"ITA","CPI","ENRG","IDX2015","A","2021",109.6238,
"ITA","CPI","ENRG","IDX2015","A","2022",165.3653,
"ITA","CPI","FOOD","IDX2015","A","2018",103.3417,
"ITA","CPI","FOOD","IDX2015","A","2019",104.1333,
"ITA","CPI","FOOD","IDX2015","A","2020",105.5917,
"ITA","CPI","FOOD","IDX2015","A","2021",106.2,
"ITA","CPI","FOOD","IDX2015","A","2022",115.9083,
"ITA","CPI","TOT","IDX2015","A","2018",102.25,
"ITA","CPI","TOT","IDX2015","A","2019",102.875,
"ITA","CPI","TOT","IDX2015","A","2020",102.7333,
"ITA","CPI","TOT","IDX2015","A","2021",104.6583,
"ITA","CPI","TOT","IDX2015","A","2022",113.2417,
"ITA","CPI","TOT_FOODENRG","IDX2015","A","2018",101.8184,
"ITA","CPI","TOT_FOODENRG","IDX2015","A","2019",102.4014,
"ITA","CPI","TOT_FOODENRG","IDX2015","A","2020",102.9054,
"ITA","CPI","TOT_FOODENRG","IDX2015","A","2021",103.7252,
"ITA","CPI","TOT_FOODENRG","IDX2015","A","2022",106.7674,
"JPN","CPI","ENRG","IDX2015","A","2018",101.1538,
"JPN","CPI","ENRG","IDX2015","A","2019",102.5121,
"JPN","CPI","ENRG","IDX2015","A","2020",98.18346,
"JPN","CPI","ENRG","IDX2015","A","2021",102.0702,
"JPN","CPI","ENRG","IDX2015","A","2022",119.4747,
"JPN","CPI","FOOD","IDX2015","A","2018",104.3198,
"JPN","CPI","FOOD","IDX2015","A","2019",104.5579,
"JPN","CPI","FOOD","IDX2015","A","2020",105.8098,
"JPN","CPI","FOOD","IDX2015","A","2021",105.7569,
"JPN","CPI","FOOD","IDX2015","A","2022",110.9407,
"JPN","CPI","TOT","IDX2015","A","2018",101.3489,
"JPN","CPI","TOT","IDX2015","A","2019",101.824,
"JPN","CPI","TOT","IDX2015","A","2020",101.7986,
"JPN","CPI","TOT","IDX2015","A","2021",101.561,
"JPN","CPI","TOT","IDX2015","A","2022",104.0977,
"JPN","CPI","TOT_FOODENRG","IDX2015","A","2018",100.556,
"JPN","CPI","TOT_FOODENRG","IDX2015","A","2019",101.0025,
"JPN","CPI","TOT_FOODENRG","IDX2015","A","2020",101.112,
"JPN","CPI","TOT_FOODENRG","IDX2015","A","2021",100.3707,
"JPN","CPI","TOT_FOODENRG","IDX2015","A","2022",100.6908,
"KOR","CPI","ENRG","IDX2015","A","2018",95.90425,
"KOR","CPI","ENRG","IDX2015","A","2019",93.41344,
"KOR","CPI","ENRG","IDX2015","A","2020",88.90826,
"KOR","CPI","ENRG","IDX2015","A","2021",95.63857,
"KOR","CPI","ENRG","IDX2015","A","2022",113.8187,
"KOR","CPI","FOOD","IDX2015","A","2018",108.7184,
"KOR","CPI","FOOD","IDX2015","A","2019",108.7701,
"KOR","CPI","FOOD","IDX2015","A","2020",113.5834,
"KOR","CPI","FOOD","IDX2015","A","2021",120.2688,
"KOR","CPI","FOOD","IDX2015","A","2022",127.3838,
"KOR","CPI","TOT","IDX2015","A","2018",104.4541,
"KOR","CPI","TOT","IDX2015","A","2019",104.8541,
"KOR","CPI","TOT","IDX2015","A","2020",105.4175,
"KOR","CPI","TOT","IDX2015","A","2021",108.0512,
"KOR","CPI","TOT","IDX2015","A","2022",113.5487,
"KOR","CPI","TOT_FOODENRG","IDX2015","A","2018",104.6474,
"KOR","CPI","TOT_FOODENRG","IDX2015","A","2019",105.4182,
"KOR","CPI","TOT_FOODENRG","IDX2015","A","2020",105.7933,
"KOR","CPI","TOT_FOODENRG","IDX2015","A","2021",107.2453,
"KOR","CPI","TOT_FOODENRG","IDX2015","A","2022",111.1085,
"LUX","CPI","ENRG","IDX2015","A","2018",103.3758,
"LUX","CPI","ENRG","IDX2015","A","2019",105.045,
"LUX","CPI","ENRG","IDX2015","A","2020",96.82083,
"LUX","CPI","ENRG","IDX2015","A","2021",115.0467,
"LUX","CPI","ENRG","IDX2015","A","2022",150.4967,
"LUX","CPI","FOOD","IDX2015","A","2018",106.6983,
"LUX","CPI","FOOD","IDX2015","A","2019",108.1942,
"LUX","CPI","FOOD","IDX2015","A","2020",111.1442,
"LUX","CPI","FOOD","IDX2015","A","2021",112.14,
"LUX","CPI","FOOD","IDX2015","A","2022",120.0075,
"LUX","CPI","TOT","IDX2015","A","2018",103.5858,
"LUX","CPI","TOT","IDX2015","A","2019",105.3917,
"LUX","CPI","TOT","IDX2015","A","2020",106.2558,
"LUX","CPI","TOT","IDX2015","A","2021",108.9408,
"LUX","CPI","TOT","IDX2015","A","2022",115.8433,
"LUX","CPI","TOT_FOODENRG","IDX2015","A","2018",103.2358,
"LUX","CPI","TOT_FOODENRG","IDX2015","A","2019",105.0925,
"LUX","CPI","TOT_FOODENRG","IDX2015","A","2020",106.4483,
"LUX","CPI","TOT_FOODENRG","IDX2015","A","2021",108.1167,
"LUX","CPI","TOT_FOODENRG","IDX2015","A","2022",112.455,
"MEX","CPI","ENRG","IDX2015","A","2018",130.5799,
"MEX","CPI","ENRG","IDX2015","A","2019",133.7579,
"MEX","CPI","ENRG","IDX2015","A","2020",128.8965,
"MEX","CPI","ENRG","IDX2015","A","2021",146.5633,
"MEX","CPI","ENRG","IDX2015","A","2022",154.2652,
"MEX","CPI","FOOD","IDX2015","A","2018",117.1061,
"MEX","CPI","FOOD","IDX2015","A","2019",122.245,
"MEX","CPI","FOOD","IDX2015","A","2020",130.3394,
"MEX","CPI","FOOD","IDX2015","A","2021",139.7644,
"MEX","CPI","FOOD","IDX2015","A","2022",158.2999,
"MEX","CPI","TOT","IDX2015","A","2018",114.3756,
"MEX","CPI","TOT","IDX2015","A","2019",118.5342,
"MEX","CPI","TOT","IDX2015","A","2020",122.5606,
"MEX","CPI","TOT","IDX2015","A","2021",129.5334,
"MEX","CPI","TOT","IDX2015","A","2022",139.7617,
"MEX","CPI","TOT_FOODENRG","IDX2015","A","2018",111.3207,
"MEX","CPI","TOT_FOODENRG","IDX2015","A","2019",115.2503,
"MEX","CPI","TOT_FOODENRG","IDX2015","A","2020",118.9393,
"MEX","CPI","TOT_FOODENRG","IDX2015","A","2021",123.5243,
"MEX","CPI","TOT_FOODENRG","IDX2015","A","2022",130.9333,
"NLD","CPI","ENRG","IDX2015","A","2018",105.8667,
"NLD","CPI","ENRG","IDX2015","A","2019",114.0433,
"NLD","CPI","ENRG","IDX2015","A","2020",103.6983,
"NLD","CPI","ENRG","IDX2015","A","2021",121.5958,
"NLD","CPI","ENRG","IDX2015","A","2022",207.4067,
"NLD","CPI","FOOD","IDX2015","A","2018",104.4592,
"NLD","CPI","FOOD","IDX2015","A","2019",108.6892,
"NLD","CPI","FOOD","IDX2015","A","2020",110.7425,
"NLD","CPI","FOOD","IDX2015","A","2021",110.5133,
"NLD","CPI","FOOD","IDX2015","A","2022",122.3858,
"NLD","CPI","TOT","IDX2015","A","2018",103.435,
"NLD","CPI","TOT","IDX2015","A","2019",106.1592,
"NLD","CPI","TOT","IDX2015","A","2020",107.51,
"NLD","CPI","TOT","IDX2015","A","2021",110.3867,
"NLD","CPI","TOT","IDX2015","A","2022",121.4267,
"NLD","CPI","TOT_FOODENRG","IDX2015","A","2018",103.1209,
"NLD","CPI","TOT_FOODENRG","IDX2015","A","2019",105.1886,
"NLD","CPI","TOT_FOODENRG","IDX2015","A","2020",107.4245,
"NLD","CPI","TOT_FOODENRG","IDX2015","A","2021",109.4844,
"NLD","CPI","TOT_FOODENRG","IDX2015","A","2022",114.1367,
"NZL","CPI","ENRG","IDX2015","A","2018",109.5412,
"NZL","CPI","ENRG","IDX2015","A","2019",110.6056,
"NZL","CPI","ENRG","IDX2015","A","2020",105.9722,
"NZL","CPI","ENRG","IDX2015","A","2021",115.0299,
"NZL","CPI","ENRG","IDX2015","A","2022",130.4869,
"NZL","CPI","FOOD","IDX2015","A","2018",101.3135,
"NZL","CPI","FOOD","IDX2015","A","2019",102.4075,
"NZL","CPI","FOOD","IDX2015","A","2020",105.6642,
"NZL","CPI","FOOD","IDX2015","A","2021",107.5216,
"NZL","CPI","FOOD","IDX2015","A","2022",116.8336,
"NZL","CPI","TOT","IDX2015","A","2018",104.1474,
"NZL","CPI","TOT","IDX2015","A","2019",105.8342,
"NZL","CPI","TOT","IDX2015","A","2020",107.6488,
"NZL","CPI","TOT","IDX2015","A","2021",111.8913,
"NZL","CPI","TOT","IDX2015","A","2022",119.9165,
"NZL","CPI","TOT_FOODENRG","IDX2015","A","2018",103.9679,
"NZL","CPI","TOT_FOODENRG","IDX2015","A","2019",105.8395,
"NZL","CPI","TOT_FOODENRG","IDX2015","A","2020",108.193,
"NZL","CPI","TOT_FOODENRG","IDX2015","A","2021",112.2088,
"NZL","CPI","TOT_FOODENRG","IDX2015","A","2022",118.9335,
"NOR","CPI","ENRG","IDX2015","A","2018",137.4964,
"NOR","CPI","ENRG","IDX2015","A","2019",139.268,
"NOR","CPI","ENRG","IDX2015","A","2020",111.0384,
"NOR","CPI","ENRG","IDX2015","A","2021",160.4716,
"NOR","CPI","ENRG","IDX2015","A","2022",202.802,
"NOR","CPI","FOOD","IDX2015","A","2018",105.1583,
"NOR","CPI","FOOD","IDX2015","A","2019",106.275,
"NOR","CPI","FOOD","IDX2015","A","2020",109.7417,
"NOR","CPI","FOOD","IDX2015","A","2021",107.5167,
"NOR","CPI","FOOD","IDX2015","A","2022",114.5,
"NOR","CPI","TOT","IDX2015","A","2018",108.4083,
"NOR","CPI","TOT","IDX2015","A","2019",110.7583,
"NOR","CPI","TOT","IDX2015","A","2020",112.1833,
"NOR","CPI","TOT","IDX2015","A","2021",116.0917,
"NOR","CPI","TOT","IDX2015","A","2022",122.7833,
"NOR","CPI","TOT_FOODENRG","IDX2015","A","2018",106.8586,
"NOR","CPI","TOT_FOODENRG","IDX2015","A","2019",109.3599,
"NOR","CPI","TOT_FOODENRG","IDX2015","A","2020",112.2744,
"NOR","CPI","TOT_FOODENRG","IDX2015","A","2021",114.1379,
"NOR","CPI","TOT_FOODENRG","IDX2015","A","2022",118.2616,
"POL","CPI","ENRG","IDX2015","A","2018",103.0625,
"POL","CPI","ENRG","IDX2015","A","2019",102.7369,
"POL","CPI","ENRG","IDX2015","A","2020",102.0256,
"POL","CPI","ENRG","IDX2015","A","2021",114.3417,
"POL","CPI","ENRG","IDX2015","A","2022",147.7273,
"POL","CPI","FOOD","IDX2015","A","2018",108.0034,
"POL","CPI","FOOD","IDX2015","A","2019",113.1884,
"POL","CPI","FOOD","IDX2015","A","2020",118.38,
"POL","CPI","FOOD","IDX2015","A","2021",121.9915,
"POL","CPI","FOOD","IDX2015","A","2022",140.8294,
"POL","CPI","TOT","IDX2015","A","2018",103.2357,
"POL","CPI","TOT","IDX2015","A","2019",105.5352,
"POL","CPI","TOT","IDX2015","A","2020",109.0965,
"POL","CPI","TOT","IDX2015","A","2021",114.6113,
"POL","CPI","TOT","IDX2015","A","2022",131.1491,
"POL","CPI","TOT_FOODENRG","IDX2015","A","2018",101.2751,
"POL","CPI","TOT_FOODENRG","IDX2015","A","2019",103.1805,
"POL","CPI","TOT_FOODENRG","IDX2015","A","2020",107.1506,
"POL","CPI","TOT_FOODENRG","IDX2015","A","2021",111.4975,
"POL","CPI","TOT_FOODENRG","IDX2015","A","2022",121.4881,
"PRT","CPI","ENRG","IDX2015","A","2018",106.378,
"PRT","CPI","ENRG","IDX2015","A","2019",104.4955,
"PRT","CPI","ENRG","IDX2015","A","2020",99.23725,
"PRT","CPI","ENRG","IDX2015","A","2021",106.4579,
"PRT","CPI","ENRG","IDX2015","A","2022",131.6707,
"PRT","CPI","FOOD","IDX2015","A","2018",102.7822,
"PRT","CPI","FOOD","IDX2015","A","2019",103.1059,
"PRT","CPI","FOOD","IDX2015","A","2020",105.2581,
"PRT","CPI","FOOD","IDX2015","A","2021",106.0325,
"PRT","CPI","FOOD","IDX2015","A","2022",119.8073,
"PRT","CPI","TOT","IDX2015","A","2018",102.9978,
"PRT","CPI","TOT","IDX2015","A","2019",103.3461,
"PRT","CPI","TOT","IDX2015","A","2020",103.3332,
"PRT","CPI","TOT","IDX2015","A","2021",104.6411,
"PRT","CPI","TOT","IDX2015","A","2022",112.8373,
"PRT","CPI","TOT_FOODENRG","IDX2015","A","2018",102.5149,
"PRT","CPI","TOT_FOODENRG","IDX2015","A","2019",103.0161,
"PRT","CPI","TOT_FOODENRG","IDX2015","A","2020",102.9757,
"PRT","CPI","TOT_FOODENRG","IDX2015","A","2021",103.7501,
"PRT","CPI","TOT_FOODENRG","IDX2015","A","2022",109.5768,
"SVK","CPI","ENRG","IDX2015","A","2018",96.84728,
"SVK","CPI","ENRG","IDX2015","A","2019",100.9313,
"SVK","CPI","ENRG","IDX2015","A","2020",100.9166,
"SVK","CPI","ENRG","IDX2015","A","2021",100.9731,
"SVK","CPI","ENRG","IDX2015","A","2022",119.9318,
"SVK","CPI","FOOD","IDX2015","A","2018",105.0159,
"SVK","CPI","FOOD","IDX2015","A","2019",109.2184,
"SVK","CPI","FOOD","IDX2015","A","2020",111.971,
"SVK","CPI","FOOD","IDX2015","A","2021",114.0163,
"SVK","CPI","FOOD","IDX2015","A","2022",135.2529,
"SVK","CPI","TOT","IDX2015","A","2018",103.3189,
"SVK","CPI","TOT","IDX2015","A","2019",106.0719,
"SVK","CPI","TOT","IDX2015","A","2020",108.1264,
"SVK","CPI","TOT","IDX2015","A","2021",111.532,
"SVK","CPI","TOT","IDX2015","A","2022",125.7793,
"SVK","CPI","TOT_FOODENRG","IDX2015","A","2018",103.9897,
"SVK","CPI","TOT_FOODENRG","IDX2015","A","2019",106.0963,
"SVK","CPI","TOT_FOODENRG","IDX2015","A","2020",108.3874,
"SVK","CPI","TOT_FOODENRG","IDX2015","A","2021",112.8059,
"SVK","CPI","TOT_FOODENRG","IDX2015","A","2022",123.7171,
"ESP","CPI","ENRG","IDX2015","A","2018",104.7691,
"ESP","CPI","ENRG","IDX2015","A","2019",103.4723,
"ESP","CPI","ENRG","IDX2015","A","2020",93.52677,
"ESP","CPI","ENRG","IDX2015","A","2021",113.388,
"ESP","CPI","ENRG","IDX2015","A","2022",145.0447,
"ESP","CPI","FOOD","IDX2015","A","2018",104.3385,
"ESP","CPI","FOOD","IDX2015","A","2019",105.4176,
"ESP","CPI","FOOD","IDX2015","A","2020",107.9002,
"ESP","CPI","FOOD","IDX2015","A","2021",109.8926,
"ESP","CPI","FOOD","IDX2015","A","2022",122.6838,
"ESP","CPI","TOT","IDX2015","A","2018",103.4538,
"ESP","CPI","TOT","IDX2015","A","2019",104.1775,
"ESP","CPI","TOT","IDX2015","A","2020",103.8412,
"ESP","CPI","TOT","IDX2015","A","2021",107.0532,
"ESP","CPI","TOT","IDX2015","A","2022",116.0356,
"ESP","CPI","TOT_FOODENRG","IDX2015","A","2018",102.9263,
"ESP","CPI","TOT_FOODENRG","IDX2015","A","2019",103.9104,
"ESP","CPI","TOT_FOODENRG","IDX2015","A","2020",104.5009,
"ESP","CPI","TOT_FOODENRG","IDX2015","A","2021",105.0973,
"ESP","CPI","TOT_FOODENRG","IDX2015","A","2022",108.9762,
"SWE","CPI","ENRG","IDX2015","A","2018",118.4065,
"SWE","CPI","ENRG","IDX2015","A","2019",122.0904,
"SWE","CPI","ENRG","IDX2015","A","2020",110.2487,
"SWE","CPI","ENRG","IDX2015","A","2021",128.9721,
"SWE","CPI","ENRG","IDX2015","A","2022",171.3793,
"SWE","CPI","FOOD","IDX2015","A","2018",105.6712,
"SWE","CPI","FOOD","IDX2015","A","2019",108.6386,
"SWE","CPI","FOOD","IDX2015","A","2020",110.9531,
"SWE","CPI","FOOD","IDX2015","A","2021",111.4081,
"SWE","CPI","FOOD","IDX2015","A","2022",124.0132,
"SWE","CPI","TOT","IDX2015","A","2018",104.8046,
"SWE","CPI","TOT","IDX2015","A","2019",106.6745,
"SWE","CPI","TOT","IDX2015","A","2020",107.205,
"SWE","CPI","TOT","IDX2015","A","2021",109.5241,
"SWE","CPI","TOT","IDX2015","A","2022",118.6905,
"SWE","CPI","TOT_FOODENRG","IDX2015","A","2018",103.3999,
"SWE","CPI","TOT_FOODENRG","IDX2015","A","2019",104.971,
"SWE","CPI","TOT_FOODENRG","IDX2015","A","2020",106.2204,
"SWE","CPI","TOT_FOODENRG","IDX2015","A","2021",107.5988,
"SWE","CPI","TOT_FOODENRG","IDX2015","A","2022",113.8561,
"CHE","CPI","ENRG","IDX2015","A","2018",108.8675,
"CHE","CPI","ENRG","IDX2015","A","2019",108.3543,
"CHE","CPI","ENRG","IDX2015","A","2020",99.48206,
"CHE","CPI","ENRG","IDX2015","A","2021",108.0156,
"CHE","CPI","ENRG","IDX2015","A","2022",132.2206,
"CHE","CPI","FOOD","IDX2015","A","2018",102.0794,
"CHE","CPI","FOOD","IDX2015","A","2019",102.1939,
"CHE","CPI","FOOD","IDX2015","A","2020",102.2884,
"CHE","CPI","FOOD","IDX2015","A","2021",100.661,
"CHE","CPI","FOOD","IDX2015","A","2022",102.3309,
"CHE","CPI","TOT","IDX2015","A","2018",101.0341,
"CHE","CPI","TOT","IDX2015","A","2019",101.4007,
"CHE","CPI","TOT","IDX2015","A","2020",100.6647,
"CHE","CPI","TOT","IDX2015","A","2021",101.2504,
"CHE","CPI","TOT","IDX2015","A","2022",104.1208,
"CHE","CPI","TOT_FOODENRG","IDX2015","A","2018",100.3926,
"CHE","CPI","TOT_FOODENRG","IDX2015","A","2019",100.8492,
"CHE","CPI","TOT_FOODENRG","IDX2015","A","2020",100.5048,
"CHE","CPI","TOT_FOODENRG","IDX2015","A","2021",100.8641,
"CHE","CPI","TOT_FOODENRG","IDX2015","A","2022",102.5945,
"TUR","CPI","ENRG","IDX2015","A","2018",135.3521,
"TUR","CPI","ENRG","IDX2015","A","2019",153.7608,
"TUR","CPI","ENRG","IDX2015","A","2020",165.7584,
"TUR","CPI","ENRG","IDX2015","A","2021",201.7961,
"TUR","CPI","ENRG","IDX2015","A","2022",457.3558,
"TUR","CPI","FOOD","IDX2015","A","2018",140.6369,
"TUR","CPI","FOOD","IDX2015","A","2019",168.1115,
"TUR","CPI","FOOD","IDX2015","A","2020",191.3933,
"TUR","CPI","FOOD","IDX2015","A","2021",237.8558,
"TUR","CPI","FOOD","IDX2015","A","2022",441.568,
"TUR","CPI","TOT","IDX2015","A","2018",139.3499,
"TUR","CPI","TOT","IDX2015","A","2019",160.4988,
"TUR","CPI","TOT","IDX2015","A","2020",180.2064,
"TUR","CPI","TOT","IDX2015","A","2021",215.5205,
"TUR","CPI","TOT","IDX2015","A","2022",371.3609,
"TUR","CPI","TOT_FOODENRG","IDX2015","A","2018",139.6042,
"TUR","CPI","TOT_FOODENRG","IDX2015","A","2019",159.0028,
"TUR","CPI","TOT_FOODENRG","IDX2015","A","2020",178.6963,
"TUR","CPI","TOT_FOODENRG","IDX2015","A","2021",209.8655,
"TUR","CPI","TOT_FOODENRG","IDX2015","A","2022",332.8474,
"GBR","CPI","ENRG","IDX2015","A","2018",110.5,
"GBR","CPI","ENRG","IDX2015","A","2019",112.8,
"GBR","CPI","ENRG","IDX2015","A","2020",105.4,
"GBR","CPI","ENRG","IDX2015","A","2021",115,
"GBR","CPI","ENRG","IDX2015","A","2022",169.4,
"GBR","CPI","FOOD","IDX2015","A","2018",101.9,
"GBR","CPI","FOOD","IDX2015","A","2019",103.3,
"GBR","CPI","FOOD","IDX2015","A","2020",104,
"GBR","CPI","FOOD","IDX2015","A","2021",104.3,
"GBR","CPI","FOOD","IDX2015","A","2022",115.8,
"GBR","CPI","TOT","IDX2015","A","2018",106,
"GBR","CPI","TOT","IDX2015","A","2019",107.8,
"GBR","CPI","TOT","IDX2015","A","2020",108.9,
"GBR","CPI","TOT","IDX2015","A","2021",111.6,
"GBR","CPI","TOT","IDX2015","A","2022",120.5,
"GBR","CPI","TOT_FOODENRG","IDX2015","A","2018",105.9,
"GBR","CPI","TOT_FOODENRG","IDX2015","A","2019",107.7,
"GBR","CPI","TOT_FOODENRG","IDX2015","A","2020",109.3,
"GBR","CPI","TOT_FOODENRG","IDX2015","A","2021",111.9,
"GBR","CPI","TOT_FOODENRG","IDX2015","A","2022",117.8,
"USA","CPI","ENRG","IDX2015","A","2018",108.4016,
"USA","CPI","ENRG","IDX2015","A","2019",106.1111,
"USA","CPI","ENRG","IDX2015","A","2020",97.06959,
"USA","CPI","ENRG","IDX2015","A","2021",117.4622,
"USA","CPI","ENRG","IDX2015","A","2022",147.0049,
"USA","CPI","FOOD","IDX2015","A","2018",98.92377,
"USA","CPI","FOOD","IDX2015","A","2019",99.79937,
"USA","CPI","FOOD","IDX2015","A","2020",103.2974,
"USA","CPI","FOOD","IDX2015","A","2021",106.8809,
"USA","CPI","FOOD","IDX2015","A","2022",119.1069,
"USA","CPI","TOT","IDX2015","A","2018",105.9446,
"USA","CPI","TOT","IDX2015","A","2019",107.8646,
"USA","CPI","TOT","IDX2015","A","2020",109.1952,
"USA","CPI","TOT","IDX2015","A","2021",114.325,
"USA","CPI","TOT","IDX2015","A","2022",123.4742,
"USA","CPI","TOT_FOODENRG","IDX2015","A","2018",106.3236,
"USA","CPI","TOT_FOODENRG","IDX2015","A","2019",108.6541,
"USA","CPI","TOT_FOODENRG","IDX2015","A","2020",110.5043,
"USA","CPI","TOT_FOODENRG","IDX2015","A","2021",114.4516,
"USA","CPI","TOT_FOODENRG","IDX2015","A","2022",121.4908,
"BRA","CPI","FOOD","IDX2015","A","2018",114.4703,
"BRA","CPI","TOT","IDX2015","A","2018",116.6092,
"BRA","CPI","TOT","IDX2015","A","2019",120.9622,
"BRA","CPI","TOT","IDX2015","A","2020",124.8472,
"BRA","CPI","TOT","IDX2015","A","2021",135.2116,
"BRA","CPI","TOT","IDX2015","A","2022",147.7594,
"CHL","CPI","ENRG","IDX2015","A","2018",112.045,
"CHL","CPI","ENRG","IDX2015","A","2019",114.5448,
"CHL","CPI","ENRG","IDX2015","A","2020",115.6478,
"CHL","CPI","ENRG","IDX2015","A","2021",126.0723,
"CHL","CPI","ENRG","IDX2015","A","2022",152.4467,
"CHL","CPI","FOOD","IDX2015","A","2018",109.1404,
"CHL","CPI","FOOD","IDX2015","A","2019",111.9442,
"CHL","CPI","FOOD","IDX2015","A","2020",119.4881,
"CHL","CPI","FOOD","IDX2015","A","2021",125.9477,
"CHL","CPI","FOOD","IDX2015","A","2022",148.2669,
"CHL","CPI","TOT","IDX2015","A","2018",108.6338,
"CHL","CPI","TOT","IDX2015","A","2019",111.4121,
"CHL","CPI","TOT","IDX2015","A","2020",114.8052,
"CHL","CPI","TOT","IDX2015","A","2021",119.9996,
"CHL","CPI","TOT","IDX2015","A","2022",133.9722,
"CHL","CPI","TOT_FOODENRG","IDX2015","A","2018",108.1122,
"CHL","CPI","TOT_FOODENRG","IDX2015","A","2019",110.91,
"CHL","CPI","TOT_FOODENRG","IDX2015","A","2020",113.4455,
"CHL","CPI","TOT_FOODENRG","IDX2015","A","2021",117.7806,
"CHL","CPI","TOT_FOODENRG","IDX2015","A","2022",128.3234,
"CHN","CPI","FOOD","IDX2015","A","2018",105.4721,
"CHN","CPI","FOOD","IDX2015","A","2019",113.158,
"CHN","CPI","FOOD","IDX2015","A","2020",122.3378,
"CHN","CPI","FOOD","IDX2015","A","2021",117.0512,
"CHN","CPI","FOOD","IDX2015","A","2022",120.1576,
"CHN","CPI","TOT","IDX2015","A","2018",105.775,
"CHN","CPI","TOT","IDX2015","A","2019",108.8417,
"CHN","CPI","TOT","IDX2015","A","2020",111.475,
"CHN","CPI","TOT","IDX2015","A","2021",112.5686,
"CHN","CPI","TOT","IDX2015","A","2022",114.7902,
"COL","CPI","ENRG","IDX2015","A","2018",119.8651,
"COL","CPI","ENRG","IDX2015","A","2019",126.6936,
"COL","CPI","ENRG","IDX2015","A","2020",125.261,
"COL","CPI","ENRG","IDX2015","A","2021",131.6819,
"COL","CPI","ENRG","IDX2015","A","2022",151.5029,
"COL","CPI","FOOD","IDX2015","A","2018",114.8331,
"COL","CPI","FOOD","IDX2015","A","2019",120.44,
"COL","CPI","FOOD","IDX2015","A","2020",127.1263,
"COL","CPI","FOOD","IDX2015","A","2021",139.4902,
"COL","CPI","FOOD","IDX2015","A","2022",174.3086,
"COL","CPI","TOT","IDX2015","A","2018",115.7863,
"COL","CPI","TOT","IDX2015","A","2019",119.8655,
"COL","CPI","TOT","IDX2015","A","2020",122.894,
"COL","CPI","TOT","IDX2015","A","2021",127.1892,
"COL","CPI","TOT","IDX2015","A","2022",140.1336,
"COL","CPI","TOT_FOODENRG","IDX2015","A","2018",115.6601,
"COL","CPI","TOT_FOODENRG","IDX2015","A","2019",119.2355,
"COL","CPI","TOT_FOODENRG","IDX2015","A","2020",121.9153,
"COL","CPI","TOT_FOODENRG","IDX2015","A","2021",124.4428,
"COL","CPI","TOT_FOODENRG","IDX2015","A","2022",132.5073,
"CRI","CPI","ENRG","IDX2015","A","2018",107.1782,
"CRI","CPI","ENRG","IDX2015","A","2019",106.0938,
"CRI","CPI","ENRG","IDX2015","A","2020",100.2024,
"CRI","CPI","ENRG","IDX2015","A","2021",107.2836,
"CRI","CPI","FOOD","IDX2015","A","2018",102.5036,
"CRI","CPI","FOOD","IDX2015","A","2019",103.321,
"CRI","CPI","FOOD","IDX2015","A","2020",103.8202,
"CRI","CPI","FOOD","IDX2015","A","2021",106.1471,
"CRI","CPI","TOT","IDX2015","A","2018",103.865,
"CRI","CPI","TOT","IDX2015","A","2019",106.042,
"CRI","CPI","TOT","IDX2015","A","2020",106.8107,
"CRI","CPI","TOT","IDX2015","A","2021",108.6548,
"CRI","CPI","TOT_FOODENRG","IDX2015","A","2018",103.9791,
"CRI","CPI","TOT_FOODENRG","IDX2015","A","2019",106.8303,
"CRI","CPI","TOT_FOODENRG","IDX2015","A","2020",108.2301,
"CRI","CPI","TOT_FOODENRG","IDX2015","A","2021",109.1869,
"EST","CPI","ENRG","IDX2015","A","2018",110.8427,
"EST","CPI","ENRG","IDX2015","A","2019",112.9553,
"EST","CPI","ENRG","IDX2015","A","2020",104.8328,
"EST","CPI","ENRG","IDX2015","A","2021",124.1622,
"EST","CPI","ENRG","IDX2015","A","2022",203.0325,
"EST","CPI","FOOD","IDX2015","A","2018",108.9489,
"EST","CPI","FOOD","IDX2015","A","2019",112.2501,
"EST","CPI","FOOD","IDX2015","A","2020",114.6514,
"EST","CPI","FOOD","IDX2015","A","2021",116.7587,
"EST","CPI","FOOD","IDX2015","A","2022",140.0078,
"EST","CPI","TOT","IDX2015","A","2018",107.13,
"EST","CPI","TOT","IDX2015","A","2019",109.5697,
"EST","CPI","TOT","IDX2015","A","2020",109.0826,
"EST","CPI","TOT","IDX2015","A","2021",114.1584,
"EST","CPI","TOT","IDX2015","A","2022",136.3031,
"EST","CPI","TOT_FOODENRG","IDX2015","A","2018",105.868,
"EST","CPI","TOT_FOODENRG","IDX2015","A","2019",108.1146,
"EST","CPI","TOT_FOODENRG","IDX2015","A","2020",108.2754,
"EST","CPI","TOT_FOODENRG","IDX2015","A","2021",111.2882,
"EST","CPI","TOT_FOODENRG","IDX2015","A","2022",122.1123,
"IND","CPI","TOT","IDX2015","A","2018",112.7829,
"IND","CPI","TOT","IDX2015","A","2019",121.4217,
"IND","CPI","TOT","IDX2015","A","2020",128.1744,
"IND","CPI","TOT","IDX2015","A","2021",134.4423,
"IND","CPI","TOT","IDX2015","A","2022",142.3749,
"IDN","CPI","TOT","IDX2015","A","2018",110.9061,
"IDN","CPI","TOT","IDX2015","A","2019",114.2672,
"IDN","CPI","TOT","IDX2015","A","2020",116.4623,
"IDN","CPI","TOT","IDX2015","A","2021",118.2792,
"IDN","CPI","TOT","IDX2015","A","2022",123.2581,
"ISR","CPI","ENRG","IDX2015","A","2018",99.7561,
"ISR","CPI","ENRG","IDX2015","A","2019",99.3064,
"ISR","CPI","ENRG","IDX2015","A","2020",91.47866,
"ISR","CPI","ENRG","IDX2015","A","2021",96.42519,
"ISR","CPI","ENRG","IDX2015","A","2022",106.3673,
"ISR","CPI","FOOD","IDX2015","A","2018",99.69471,
"ISR","CPI","FOOD","IDX2015","A","2019",101.7639,
"ISR","CPI","FOOD","IDX2015","A","2020",101.7554,
"ISR","CPI","FOOD","IDX2015","A","2021",102.7632,
"ISR","CPI","FOOD","IDX2015","A","2022",107.2153,
"ISR","CPI","TOT","IDX2015","A","2018",100.5124,
"ISR","CPI","TOT","IDX2015","A","2019",101.3609,
"ISR","CPI","TOT","IDX2015","A","2020",100.7645,
"ISR","CPI","TOT","IDX2015","A","2021",102.2681,
"ISR","CPI","TOT","IDX2015","A","2022",106.7624,
"ISR","CPI","TOT_FOODENRG","IDX2015","A","2018",100.6496,
"ISR","CPI","TOT_FOODENRG","IDX2015","A","2019",101.3666,
"ISR","CPI","TOT_FOODENRG","IDX2015","A","2020",101.2232,
"ISR","CPI","TOT_FOODENRG","IDX2015","A","2021",102.4835,
"ISR","CPI","TOT_FOODENRG","IDX2015","A","2022",106.5416,
"LVA","CPI","ENRG","IDX2015","A","2018",103.7908,
"LVA","CPI","ENRG","IDX2015","A","2019",106.9819,
"LVA","CPI","ENRG","IDX2015","A","2020",99.35584,
"LVA","CPI","ENRG","IDX2015","A","2021",109.7846,
"LVA","CPI","ENRG","IDX2015","A","2022",163.483,
"LVA","CPI","FOOD","IDX2015","A","2018",107.3351,
"LVA","CPI","FOOD","IDX2015","A","2019",110.463,
"LVA","CPI","FOOD","IDX2015","A","2020",113.1094,
"LVA","CPI","FOOD","IDX2015","A","2021",115.64,
"LVA","CPI","FOOD","IDX2015","A","2022",140.665,
"LVA","CPI","TOT","IDX2015","A","2018",105.6875,
"LVA","CPI","TOT","IDX2015","A","2019",108.6588,
"LVA","CPI","TOT","IDX2015","A","2020",108.8969,
"LVA","CPI","TOT","IDX2015","A","2021",112.4641,
"LVA","CPI","TOT","IDX2015","A","2022",131.932,
"LVA","CPI","TOT_FOODENRG","IDX2015","A","2018",105.5496,
"LVA","CPI","TOT_FOODENRG","IDX2015","A","2019",108.4121,
"LVA","CPI","TOT_FOODENRG","IDX2015","A","2020",109.7345,
"LVA","CPI","TOT_FOODENRG","IDX2015","A","2021",111.7939,
"LVA","CPI","TOT_FOODENRG","IDX2015","A","2022",119.7784,
"LTU","CPI","ENRG","IDX2015","A","2018",104.127,
"LTU","CPI","ENRG","IDX2015","A","2019",104.2594,
"LTU","CPI","ENRG","IDX2015","A","2020",93.98287,
"LTU","CPI","ENRG","IDX2015","A","2021",107.4524,
"LTU","CPI","ENRG","IDX2015","A","2022",167.7907,
"LTU","CPI","FOOD","IDX2015","A","2018",106.3515,
"LTU","CPI","FOOD","IDX2015","A","2019",109.4675,
"LTU","CPI","FOOD","IDX2015","A","2020",111.9427,
"LTU","CPI","FOOD","IDX2015","A","2021",115.0396,
"LTU","CPI","FOOD","IDX2015","A","2022",145.3451,
"LTU","CPI","TOT","IDX2015","A","2018",107.4858,
"LTU","CPI","TOT","IDX2015","A","2019",109.9951,
"LTU","CPI","TOT","IDX2015","A","2020",111.3149,
"LTU","CPI","TOT","IDX2015","A","2021",116.5284,
"LTU","CPI","TOT","IDX2015","A","2022",139.4904,
"LTU","CPI","TOT_FOODENRG","IDX2015","A","2018",108.6375,
"LTU","CPI","TOT_FOODENRG","IDX2015","A","2019",111.4679,
"LTU","CPI","TOT_FOODENRG","IDX2015","A","2020",114.8735,
"LTU","CPI","TOT_FOODENRG","IDX2015","A","2021",118.8963,
"LTU","CPI","TOT_FOODENRG","IDX2015","A","2022",131.161,
"RUS","CPI","FOOD","IDX2015","A","2018",110.3766,
"RUS","CPI","FOOD","IDX2015","A","2019",116.6378,
"RUS","CPI","FOOD","IDX2015","A","2020",121.6828,
"RUS","CPI","FOOD","IDX2015","A","2021",133.3702,
"RUS","CPI","TOT","IDX2015","A","2018",114.1797,
"RUS","CPI","TOT","IDX2015","A","2019",119.2839,
"RUS","CPI","TOT","IDX2015","A","2020",123.3177,
"RUS","CPI","TOT","IDX2015","A","2021",131.5731,
"SAU","CPI","FOOD","IDX2015","A","2018",104.2037,
"SAU","CPI","FOOD","IDX2015","A","2019",106.3711,
"SAU","CPI","FOOD","IDX2015","A","2020",115.9578,
"SAU","CPI","FOOD","IDX2015","A","2021",122.2074,
"SAU","CPI","FOOD","IDX2015","A","2022",126.7541,
"SAU","CPI","TOT","IDX2015","A","2018",103.7013,
"SAU","CPI","TOT","IDX2015","A","2019",101.5305,
"SAU","CPI","TOT","IDX2015","A","2020",105.0286,
"SAU","CPI","TOT","IDX2015","A","2021",108.246,
"SAU","CPI","TOT","IDX2015","A","2022",110.9241,
"SVN","CPI","ENRG","IDX2015","A","2018",104.9575,
"SVN","CPI","ENRG","IDX2015","A","2019",106.2125,
"SVN","CPI","ENRG","IDX2015","A","2020",95.95084,
"SVN","CPI","ENRG","IDX2015","A","2021",106.5792,
"SVN","CPI","ENRG","IDX2015","A","2022",131.2475,
"SVN","CPI","FOOD","IDX2015","A","2018",105.9225,
"SVN","CPI","FOOD","IDX2015","A","2019",107.6175,
"SVN","CPI","FOOD","IDX2015","A","2020",111.405,
"SVN","CPI","FOOD","IDX2015","A","2021",111.1842,
"SVN","CPI","FOOD","IDX2015","A","2022",124.8033,
"SVN","CPI","TOT","IDX2015","A","2018",103.1367,
"SVN","CPI","TOT","IDX2015","A","2019",104.8183,
"SVN","CPI","TOT","IDX2015","A","2020",104.7608,
"SVN","CPI","TOT","IDX2015","A","2021",106.7692,
"SVN","CPI","TOT","IDX2015","A","2022",116.2008,
"SVN","CPI","TOT_FOODENRG","IDX2015","A","2018",102.1775,
"SVN","CPI","TOT_FOODENRG","IDX2015","A","2019",103.9309,
"SVN","CPI","TOT_FOODENRG","IDX2015","A","2020",104.6459,
"SVN","CPI","TOT_FOODENRG","IDX2015","A","2021",105.7793,
"SVN","CPI","TOT_FOODENRG","IDX2015","A","2022",111.931,
"ZAF","CPI","ENRG","IDX2015","A","2018",123.6235,
"ZAF","CPI","ENRG","IDX2015","A","2019",130.0677,
"ZAF","CPI","ENRG","IDX2015","A","2020",129.9483,
"ZAF","CPI","ENRG","IDX2015","A","2021",148.5447,
"ZAF","CPI","ENRG","IDX2015","A","2022",183.5963,
"ZAF","CPI","FOOD","IDX2015","A","2018",123.0354,
"ZAF","CPI","FOOD","IDX2015","A","2019",127.4025,
"ZAF","CPI","FOOD","IDX2015","A","2020",132.9934,
"ZAF","CPI","FOOD","IDX2015","A","2021",141.1038,
"ZAF","CPI","FOOD","IDX2015","A","2022",154.2052,
"ZAF","CPI","TOT","IDX2015","A","2018",117.1599,
"ZAF","CPI","TOT","IDX2015","A","2019",121.9872,
"ZAF","CPI","TOT","IDX2015","A","2020",125.903,
"ZAF","CPI","TOT","IDX2015","A","2021",131.7092,
"ZAF","CPI","TOT","IDX2015","A","2022",140.9812,
"ZAF","CPI","TOT_FOODENRG","IDX2015","A","2018",114.9237,
"ZAF","CPI","TOT_FOODENRG","IDX2015","A","2019",119.6637,
"ZAF","CPI","TOT_FOODENRG","IDX2015","A","2020",123.6836,
"ZAF","CPI","TOT_FOODENRG","IDX2015","A","2021",127.5422,
"ZAF","CPI","TOT_FOODENRG","IDX2015","A","2022",133.3531,
"OECD","CPI","ENRG","IDX2015","A","2018",109.0715,
"OECD","CPI","ENRG","IDX2015","A","2019",109.5636,
"OECD","CPI","ENRG","IDX2015","A","2020",102.6507,
"OECD","CPI","ENRG","IDX2015","A","2021",118.5891,
"OECD","CPI","ENRG","IDX2015","A","2022",153.7994,
"OECD","CPI","FOOD","IDX2015","A","2018",103.7663,
"OECD","CPI","FOOD","IDX2015","A","2019",105.922,
"OECD","CPI","FOOD","IDX2015","A","2020",109.5415,
"OECD","CPI","FOOD","IDX2015","A","2021",113.341,
"OECD","CPI","FOOD","IDX2015","A","2022",128.2485,
"OECD","CPI","TOT","IDX2015","A","2018",106.2044,
"OECD","CPI","TOT","IDX2015","A","2019",108.4014,
"OECD","CPI","TOT","IDX2015","A","2020",109.8613,
"OECD","CPI","TOT","IDX2015","A","2021",114.2408,
"OECD","CPI","TOT","IDX2015","A","2022",125.1507,
"OECD","CPI","TOT_FOODENRG","IDX2015","A","2018",106.0038,
"OECD","CPI","TOT_FOODENRG","IDX2015","A","2019",108.2735,
"OECD","CPI","TOT_FOODENRG","IDX2015","A","2020",110.1076,
"OECD","CPI","TOT_FOODENRG","IDX2015","A","2021",113.3606,
"OECD","CPI","TOT_FOODENRG","IDX2015","A","2022",121.0133,
"OECDE","CPI","ENRG","IDX2015","A","2018",109.2436,
"OECDE","CPI","ENRG","IDX2015","A","2019",111.889,
"OECDE","CPI","ENRG","IDX2015","A","2020",106.1854,
"OECDE","CPI","ENRG","IDX2015","A","2021",120.1609,
"OECDE","CPI","ENRG","IDX2015","A","2022",173.365,
"OECDE","CPI","FOOD","IDX2015","A","2018",107.0559,
"OECDE","CPI","FOOD","IDX2015","A","2019",110.5895,
"OECDE","CPI","FOOD","IDX2015","A","2020",113.9232,
"OECDE","CPI","FOOD","IDX2015","A","2021",117.6229,
"OECDE","CPI","FOOD","IDX2015","A","2022",138.2664,
"OECDE","CPI","TOT","IDX2015","A","2018",106.6406,
"OECDE","CPI","TOT","IDX2015","A","2019",109.4274,
"OECDE","CPI","TOT","IDX2015","A","2020",111.1751,
"OECDE","CPI","TOT","IDX2015","A","2021",115.7379,
"OECDE","CPI","TOT","IDX2015","A","2022",131.6913,
"OECDE","CPI","TOT_FOODENRG","IDX2015","A","2018",106.2152,
"OECDE","CPI","TOT_FOODENRG","IDX2015","A","2019",108.8094,
"OECDE","CPI","TOT_FOODENRG","IDX2015","A","2020",111.0366,
"OECDE","CPI","TOT_FOODENRG","IDX2015","A","2021",114.5483,
"OECDE","CPI","TOT_FOODENRG","IDX2015","A","2022",125.2144,
"G-7","CPI","ENRG","IDX2015","A","2018",107.2245,
"G-7","CPI","ENRG","IDX2015","A","2019",106.5372,
"G-7","CPI","ENRG","IDX2015","A","2020",98.71414,
"G-7","CPI","ENRG","IDX2015","A","2021",114.7939,
"G-7","CPI","ENRG","IDX2015","A","2022",146.2101,
"G-7","CPI","FOOD","IDX2015","A","2018",101.0622,
"G-7","CPI","FOOD","IDX2015","A","2019",102.1556,
"G-7","CPI","FOOD","IDX2015","A","2020",104.8953,
"G-7","CPI","FOOD","IDX2015","A","2021",107.4812,
"G-7","CPI","FOOD","IDX2015","A","2022",118.6617,
"G-7","CPI","TOT","IDX2015","A","2018",104.7952,
"G-7","CPI","TOT","IDX2015","A","2019",106.389,
"G-7","CPI","TOT","IDX2015","A","2020",107.2799,
"G-7","CPI","TOT","IDX2015","A","2021",111.0277,
"G-7","CPI","TOT","IDX2015","A","2022",118.9578,
"G-7","CPI","TOT_FOODENRG","IDX2015","A","2018",104.82,
"G-7","CPI","TOT_FOODENRG","IDX2015","A","2019",106.6192,
"G-7","CPI","TOT_FOODENRG","IDX2015","A","2020",107.9482,
"G-7","CPI","TOT_FOODENRG","IDX2015","A","2021",110.723,
"G-7","CPI","TOT_FOODENRG","IDX2015","A","2022",116.1481,
"G-20","CPI","TOT","IDX2015","A","2018",107.9146,
"G-20","CPI","TOT","IDX2015","A","2019",111.7604,
"G-20","CPI","TOT","IDX2015","A","2020",114.772,
"G-20","CPI","TOT","IDX2015","A","2021",119.6893,
"G-20","CPI","TOT","IDX2015","A","2022",129.9384,
"EA19","CPI","ENRG","IDX2015","A","2018",105.91,
"EA19","CPI","ENRG","IDX2015","A","2019",107.1,
"EA19","CPI","ENRG","IDX2015","A","2020",99.78,
"EA19","CPI","ENRG","IDX2015","A","2021",112.71,
"EA19","CPI","ENRG","IDX2015","A","2022",154.25,
"EA19","CPI","FOOD","IDX2015","A","2018",104.12,
"EA19","CPI","FOOD","IDX2015","A","2019",105.6,
"EA19","CPI","FOOD","IDX2015","A","2020",107.71,
"EA19","CPI","FOOD","IDX2015","A","2021",109.1,
"EA19","CPI","FOOD","IDX2015","A","2022",120.61,
"EA19","CPI","TOT","IDX2015","A","2018",103.55,
"EA19","CPI","TOT","IDX2015","A","2019",104.79,
"EA19","CPI","TOT","IDX2015","A","2020",105.05,
"EA19","CPI","TOT","IDX2015","A","2021",107.77,
"EA19","CPI","TOT","IDX2015","A","2022",116.83,
"EA19","CPI","TOT_FOODENRG","IDX2015","A","2018",102.88,
"EA19","CPI","TOT_FOODENRG","IDX2015","A","2019",103.96,
"EA19","CPI","TOT_FOODENRG","IDX2015","A","2020",104.68,
"EA19","CPI","TOT_FOODENRG","IDX2015","A","2021",106.21,
"EA19","CPI","TOT_FOODENRG","IDX2015","A","2022",110.41,
"IND","CPI","FOOD","IDX2015","A","2018",108.0189,
"EU27_2020","CPI","ENRG","IDX2015","A","2018",105.67,
"EU27_2020","CPI","ENRG","IDX2015","A","2019",106.9,
"EU27_2020","CPI","ENRG","IDX2015","A","2020",100.35,
"EU27_2020","CPI","ENRG","IDX2015","A","2021",113.03,
"EU27_2020","CPI","ENRG","IDX2015","A","2022",152.84,
"EU27_2020","CPI","FOOD","IDX2015","A","2018",104.51,
"EU27_2020","CPI","FOOD","IDX2015","A","2019",106.71,
"EU27_2020","CPI","FOOD","IDX2015","A","2020",109.43,
"EU27_2020","CPI","FOOD","IDX2015","A","2021",111.13,
"EU27_2020","CPI","FOOD","IDX2015","A","2022",124.34,
"EU27_2020","CPI","TOT","IDX2015","A","2018",103.57,
"EU27_2020","CPI","TOT","IDX2015","A","2019",105.04,
"EU27_2020","CPI","TOT","IDX2015","A","2020",105.76,
"EU27_2020","CPI","TOT","IDX2015","A","2021",108.82,
"EU27_2020","CPI","TOT","IDX2015","A","2022",118.82,
"EU27_2020","CPI","TOT_FOODENRG","IDX2015","A","2018",102.81,
"EU27_2020","CPI","TOT_FOODENRG","IDX2015","A","2019",104.03,
"EU27_2020","CPI","TOT_FOODENRG","IDX2015","A","2020",105.1367,
"EU27_2020","CPI","TOT_FOODENRG","IDX2015","A","2021",107.0058,
"EU27_2020","CPI","TOT_FOODENRG","IDX2015","A","2022",112.0767,
